{
  "name": "token-tooltip-alt",
  "title": "Token Tooltip Alt",
  "description": "A module that adds a tooltip next to the currently hovered token to show some useful information for players and DMs.",
  "version": "2.0.0",
  "author": "bmarian",
  "esmodules": ["token-tooltip-alt.js"],
  "styles": ["token-tooltip-alt.css"],
  "minimumCoreVersion": "0.6.6",
  "compatibleCoreVersion": "0.7.5",
  "languages": [
    {
      "lang": "en",
      "name": "English",
      "path": "lang/en.json"
    }
  ],
  "url": "https://github.com/bmarian/token-tooltip-alt",
  "manifest": "https://raw.githubusercontent.com/bmarian/token-tooltip-alt/master/package/module-v2.0.0.json",
  "download": "https://github.com/bmarian/token-tooltip-alt/releases/download/v2.0.0/token-tooltip-alt-v2.0.0.zip",
  "changelog": "https://github.com/bmarian/token-tooltip-alt/releases"
}